&quot;GC101&quot;;&quot;Chocolates Gifts&quot;;&quot;Y&quot;
&quot;GC102&quot;;&quot;Decorative Thali&quot;;&quot;Y&quot;
&quot;GC103&quot;;&quot;Handicrafts gifts&quot;;&quot;Y&quot;
&quot;GC104&quot;;&quot;bounch&quot;;&quot;Y&quot;
&quot;GC105&quot;;&quot;Decorative Basket&quot;;&quot;Y&quot;
&quot;GC106&quot;;&quot;Glasses&quot;;&quot;Y&quot;
&quot;GC107&quot;;&quot;Pepper Bags&quot;;&quot;Y&quot;
&quot;GC108&quot;;&quot;Ring Tray&quot;;&quot;Y&quot;
&quot;GC109&quot;;&quot;Sugar crash&quot;;&quot;Y&quot;
